Algorithm,Mean (ms),Median (ms),Std Dev (ms),Min (ms),Max (ms),Throughput (MB/s),Cycles/Byte,Speedup,Payload Size (KB),Iterations,CPU Freq (GHz),Valid
Ascon-MAC,2.15963752,1.7014585,3.1786950433554972,1.557583,32.664209,463.040668046923,4.119181671142578,0.21908670580977865,1024,100,2.0,False
HMAC-SHA256,0.47314786999999997,0.457854,0.04034938464379723,0.435375,0.611958,2113.5041778799514,0.9024579429626465,0.21908670580977865,1024,100,2.0,False
