Size (Bytes),Ascon Mean (ns),Ascon Median (ns),Ascon Stdev (ns),Ascon Min (ns),Ascon Max (ns),HMAC Mean (ns),HMAC Median (ns),HMAC Stdev (ns),HMAC Min (ns),HMAC Max (ns),Speedup (median),Ascon CpB,HMAC CpB,Ascon Pkts/sec,HMAC Pkts/sec,Ascon sigma (ns),HMAC sigma (ns),Mono (median),Valid,CPU Freq (GHz)
32,548.8334,542.0,364.0686337003505,458,18084,1692.0922,1625.0,885.3529841250663,1500,34917,2.9981549815498156,33.875,101.5625,1845018.450184502,615384.6153846154,364.0686337003505,885.3529841250663,True,True,2.0
64,566.1338,583.0,151.84305811448874,500,11167,1678.1956,1625.0,911.50567290645,1500,42750,2.7873070325900513,18.21875,50.78125,1715265.8662092625,615384.6153846154,151.84305811448874,911.50567290645,True,True,2.0
128,689.5056,667.0,501.35287609491184,583,23167,1686.6964,1666.0,782.9915679156705,1541,39583,2.497751124437781,10.421875,26.03125,1499250.3748125937,600240.0960384153,501.35287609491184,782.9915679156705,True,True,2.0
256,883.2502,875.0,332.39415097134304,791,14958,1671.3118,1666.0,399.5310413231492,1541,24459,1.904,6.8359375,13.015625,1142857.142857143,600240.0960384153,332.39415097134304,399.5310413231492,True,True,2.0
512,1280.0018,1250.0,485.11449390505743,1166,15375,1871.7764,1833.0,880.956736283366,1708,33542,1.4664,4.8828125,7.16015625,800000.0,545553.7370430988,485.11449390505743,880.956736283366,True,True,2.0
1024,2100.87,2083.0,693.2263932511514,1917,23209,2145.0176,2084.0,1098.4437475311333,1875,38875,1.00048007681229,4.068359375,4.0703125,480076.8122899664,479846.4491362764,693.2263932511514,1098.4437475311333,True,True,2.0
